name,old_status,old_url,new_url
Enquêtes de Choc,TIMEOUT,https://jmp2.uk/stvp-FRBC90000220,https://jmp2.uk/plu-63921a1bf76e7d0007c998a6.m3u8
Nature Time,404,https://epg.provider.plex.tv/library/parts/6430aa45fc3be5947780904e-6827c34ca5c6e573c6904444/?X-Plex-Token=x1YwxETK2PfX8tJDLdri,https://jmp2.uk/plu-61fc0df14159c40007250432.m3u8
Génération Sitcoms,TIMEOUT,https://jmp2.uk/stvp-FRBC4700001XG,https://jmp2.uk/plu-60afb203ec391c00070ea1bf.m3u8
Remember the ‘80s,FAIL,https://epg.provider.plex.tv/library/parts/6430aa45fc3be5947780904e-61aa9f50784a2161d3caf7fb/?X-Plex-Token=x1YwxETK2PfX8tJDLdri,https://epg.provider.plex.tv/library/parts/6430aa45fc3be5947780904e-61aa9f50784a2161d3caf7fb.m3u8?X-Plex-Token=QjpkuyuRwtg1uWJBfjLE
Robot Wars by Mech+,FAIL,https://epg.provider.plex.tv/library/parts/6430aa45fc3be5947780904e-6470477fe536e0faaf10be9d/?X-Plex-Token=x1YwxETK2PfX8tJDLdri,https://epg.provider.plex.tv/library/parts/6430aa45fc3be5947780904e-6470477fe536e0faaf10be9d.m3u8?X-Plex-Token=QjpkuyuRwtg1uWJBfjLE
SLOPES,FAIL,https://epg.provider.plex.tv/library/parts/6430aa45fc3be5947780904e-616df1be2cf008a748c8cb53/?X-Plex-Token=x1YwxETK2PfX8tJDLdri,https://epg.provider.plex.tv/library/parts/6430aa45fc3be5947780904e-616df1be2cf008a748c8cb53.m3u8?X-Plex-Token=QjpkuyuRwtg1uWJBfjLE
Smooth Jazz,FAIL,https://epg.provider.plex.tv/library/parts/6430aa45fc3be5947780904e-62ee784852f7d73061eec493/?X-Plex-Token=x1YwxETK2PfX8tJDLdri,https://epg.provider.plex.tv/library/parts/6430aa45fc3be5947780904e-62ee784852f7d73061eec493.m3u8?X-Plex-Token=QjpkuyuRwtg1uWJBfjLE
Sonic TV,FAIL,https://epg.provider.plex.tv/library/parts/6430aa45fc3be5947780904e-62ba4aaff663580a7238f327/?X-Plex-Token=x1YwxETK2PfX8tJDLdri,https://epg.provider.plex.tv/library/parts/6430aa45fc3be5947780904e-62ba4aaff663580a7238f327.m3u8?X-Plex-Token=QjpkuyuRwtg1uWJBfjLE
SPEEDVISION,FAIL,https://epg.provider.plex.tv/library/parts/6430aa45fc3be5947780904e-6349ed0eb1adc4cfa571fd37/?X-Plex-Token=x1YwxETK2PfX8tJDLdri,https://epg.provider.plex.tv/library/parts/6430aa45fc3be5947780904e-6349ed0eb1adc4cfa571fd37.m3u8?X-Plex-Token=QjpkuyuRwtg1uWJBfjLE
Startalk TV,FAIL,https://epg.provider.plex.tv/library/parts/6430aa45fc3be5947780904e-664292a80e0ec7b4ce5eb28c/?X-Plex-Token=x1YwxETK2PfX8tJDLdri,https://epg.provider.plex.tv/library/parts/6430aa45fc3be5947780904e-664292a80e0ec7b4ce5eb28c.m3u8?X-Plex-Token=QjpkuyuRwtg1uWJBfjLE
Stingray Classica Stream,FAIL,https://epg.provider.plex.tv/library/parts/6430aa45fc3be5947780904e-62d7f68fb19cbf65dc7bef7d/?X-Plex-Token=x1YwxETK2PfX8tJDLdri,https://epg.provider.plex.tv/library/parts/6430aa45fc3be5947780904e-62d7f68fb19cbf65dc7bef7d.m3u8?X-Plex-Token=QjpkuyuRwtg1uWJBfjLE
Stingray Greatest Hits,FAIL,https://epg.provider.plex.tv/library/parts/6430aa45fc3be5947780904e-61aa97d4113e1e5137fd5325/?X-Plex-Token=x1YwxETK2PfX8tJDLdri,https://epg.provider.plex.tv/library/parts/6430aa45fc3be5947780904e-61aa97d4113e1e5137fd5325.m3u8?X-Plex-Token=QjpkuyuRwtg1uWJBfjLE
Stingray Holidayscapes,FAIL,https://epg.provider.plex.tv/library/parts/6430aa45fc3be5947780904e-654eb862dde2222e8ba551f1/?X-Plex-Token=x1YwxETK2PfX8tJDLdri,https://epg.provider.plex.tv/library/parts/6430aa45fc3be5947780904e-654eb862dde2222e8ba551f1.m3u8?X-Plex-Token=QjpkuyuRwtg1uWJBfjLE
Stingray Hot Country,FAIL,https://epg.provider.plex.tv/library/parts/6430aa45fc3be5947780904e-61aa9e73784a2161d3caf7f9/?X-Plex-Token=x1YwxETK2PfX8tJDLdri,https://epg.provider.plex.tv/library/parts/6430aa45fc3be5947780904e-61aa9e73784a2161d3caf7f9.m3u8?X-Plex-Token=QjpkuyuRwtg1uWJBfjLE
Stingray Soul Storm,FAIL,https://epg.provider.plex.tv/library/parts/6430aa45fc3be5947780904e-61aaa17a784a2161d3caf801/?X-Plex-Token=x1YwxETK2PfX8tJDLdri,https://epg.provider.plex.tv/library/parts/6430aa45fc3be5947780904e-61aaa17a784a2161d3caf801.m3u8?X-Plex-Token=QjpkuyuRwtg1uWJBfjLE
Strongman Champions,FAIL,https://epg.provider.plex.tv/library/parts/6430aa45fc3be5947780904e-644b13a3a1c0a5b2024c8403/?X-Plex-Token=x1YwxETK2PfX8tJDLdri,https://epg.provider.plex.tv/library/parts/6430aa45fc3be5947780904e-644b13a3a1c0a5b2024c8403.m3u8?X-Plex-Token=QjpkuyuRwtg1uWJBfjLE
The Bob Ross Channel,FAIL,https://epg.provider.plex.tv/library/parts/6430aa45fc3be5947780904e-5efe1de6e0b3f5003f5d9f88/?X-Plex-Token=x1YwxETK2PfX8tJDLdri,https://epg.provider.plex.tv/library/parts/6430aa45fc3be5947780904e-5efe1de6e0b3f5003f5d9f88.m3u8?X-Plex-Token=QjpkuyuRwtg1uWJBfjLE
The Bold and the Beautiful,FAIL,https://epg.provider.plex.tv/library/parts/6430aa45fc3be5947780904e-67d9a3d663c5439aeaf61305/?X-Plex-Token=x1YwxETK2PfX8tJDLdri,https://epg.provider.plex.tv/library/parts/6430aa45fc3be5947780904e-67d9a3d663c5439aeaf61305.m3u8?X-Plex-Token=QjpkuyuRwtg1uWJBfjLE
The Carol Burnett Show,FAIL,https://epg.provider.plex.tv/library/parts/6430aa45fc3be5947780904e-60d4edd6b2fdec002c141125/?X-Plex-Token=x1YwxETK2PfX8tJDLdri,https://epg.provider.plex.tv/library/parts/6430aa45fc3be5947780904e-60d4edd6b2fdec002c141125.m3u8?X-Plex-Token=QjpkuyuRwtg1uWJBfjLE
The Ed Sullivan Show,FAIL,https://epg.provider.plex.tv/library/parts/6430aa45fc3be5947780904e-640205c68ecb41f2d89d5814/?X-Plex-Token=x1YwxETK2PfX8tJDLdri,https://epg.provider.plex.tv/library/parts/6430aa45fc3be5947780904e-640205c68ecb41f2d89d5814.m3u8?X-Plex-Token=QjpkuyuRwtg1uWJBfjLE
The Emeril Lagasse Channel,FAIL,https://epg.provider.plex.tv/library/parts/6430aa45fc3be5947780904e-67294a601055ef3897c73477/?X-Plex-Token=x1YwxETK2PfX8tJDLdri,https://epg.provider.plex.tv/library/parts/6430aa45fc3be5947780904e-67294a601055ef3897c73477.m3u8?X-Plex-Token=QjpkuyuRwtg1uWJBfjLE
The Martha Stewart Channel,FAIL,https://epg.provider.plex.tv/library/parts/6430aa45fc3be5947780904e-672948f0297d4ea7584a2e13/?X-Plex-Token=x1YwxETK2PfX8tJDLdri,https://epg.provider.plex.tv/library/parts/6430aa45fc3be5947780904e-672948f0297d4ea7584a2e13.m3u8?X-Plex-Token=QjpkuyuRwtg1uWJBfjLE
The Pet Collective,FAIL,https://epg.provider.plex.tv/library/parts/6430aa45fc3be5947780904e-5f170d61b898490041b49369/?X-Plex-Token=x1YwxETK2PfX8tJDLdri,https://epg.provider.plex.tv/library/parts/6430aa45fc3be5947780904e-5f170d61b898490041b49369.m3u8?X-Plex-Token=QjpkuyuRwtg1uWJBfjLE
The Prof G Channel,FAIL,https://epg.provider.plex.tv/library/parts/6430aa45fc3be5947780904e-69f52ffb6e5708fb20d36d9c/?X-Plex-Token=x1YwxETK2PfX8tJDLdri,https://epg.provider.plex.tv/library/parts/6430aa45fc3be5947780904e-69f52ffb6e5708fb20d36d9c.m3u8?X-Plex-Token=QjpkuyuRwtg1uWJBfjLE
The Spa,FAIL,https://epg.provider.plex.tv/library/parts/6430aa45fc3be5947780904e-62f11395586633e88e3a3274/?X-Plex-Token=x1YwxETK2PfX8tJDLdri,https://epg.provider.plex.tv/library/parts/6430aa45fc3be5947780904e-62f11395586633e88e3a3274.m3u8?X-Plex-Token=QjpkuyuRwtg1uWJBfjLE
TNA Wrestling Channel,FAIL,https://epg.provider.plex.tv/library/parts/6430aa45fc3be5947780904e-606605549dbfca002d2ae873/?X-Plex-Token=x1YwxETK2PfX8tJDLdri,https://epg.provider.plex.tv/library/parts/6430aa45fc3be5947780904e-606605549dbfca002d2ae873.m3u8?X-Plex-Token=QjpkuyuRwtg1uWJBfjLE
Today's K-Pop,FAIL,https://epg.provider.plex.tv/library/parts/6430aa45fc3be5947780904e-62ee6eae271f393d2d9f7096/?X-Plex-Token=x1YwxETK2PfX8tJDLdri,https://epg.provider.plex.tv/library/parts/6430aa45fc3be5947780904e-62ee6eae271f393d2d9f7096.m3u8?X-Plex-Token=QjpkuyuRwtg1uWJBfjLE
TRACE Brazuca,FAIL,https://epg.provider.plex.tv/library/parts/6430aa45fc3be5947780904e-6329474265c8569187176338/?X-Plex-Token=x1YwxETK2PfX8tJDLdri,https://epg.provider.plex.tv/library/parts/6430aa45fc3be5947780904e-6329474265c8569187176338.m3u8?X-Plex-Token=QjpkuyuRwtg1uWJBfjLE
USA TODAY,FAIL,https://epg.provider.plex.tv/library/parts/6430aa45fc3be5947780904e-60df3e18541143002f3b8607/?X-Plex-Token=x1YwxETK2PfX8tJDLdri,https://epg.provider.plex.tv/library/parts/6430aa45fc3be5947780904e-60df3e18541143002f3b8607.m3u8?X-Plex-Token=QjpkuyuRwtg1uWJBfjLE
Watch it SCREAM,FAIL,https://epg.provider.plex.tv/library/parts/6430aa45fc3be5947780904e-621671d05abdd3d5556a1baf/?X-Plex-Token=x1YwxETK2PfX8tJDLdri,https://epg.provider.plex.tv/library/parts/6430aa45fc3be5947780904e-621671d05abdd3d5556a1baf.m3u8?X-Plex-Token=QjpkuyuRwtg1uWJBfjLE
Waypoint TV,FAIL,https://epg.provider.plex.tv/library/parts/6430aa45fc3be5947780904e-5fd115b8b7ef8d002dcf1817/?X-Plex-Token=x1YwxETK2PfX8tJDLdri,https://epg.provider.plex.tv/library/parts/6430aa45fc3be5947780904e-5fd115b8b7ef8d002dcf1817.m3u8?X-Plex-Token=QjpkuyuRwtg1uWJBfjLE
WeatherSpy,FAIL,https://epg.provider.plex.tv/library/parts/6430aa45fc3be5947780904e-5f0ff266d71dcb00449ec030/?X-Plex-Token=x1YwxETK2PfX8tJDLdri,https://epg.provider.plex.tv/library/parts/6430aa45fc3be5947780904e-5f0ff266d71dcb00449ec030.m3u8?X-Plex-Token=QjpkuyuRwtg1uWJBfjLE
Wired2Fish,FAIL,https://epg.provider.plex.tv/library/parts/6430aa45fc3be5947780904e-608a2c722957c9002c6a617b/?X-Plex-Token=x1YwxETK2PfX8tJDLdri,https://epg.provider.plex.tv/library/parts/6430aa45fc3be5947780904e-608a2c722957c9002c6a617b.m3u8?X-Plex-Token=QjpkuyuRwtg1uWJBfjLE
World Billiards TV,FAIL,https://epg.provider.plex.tv/library/parts/6430aa45fc3be5947780904e-68b9f334fc12601028c5651e/?X-Plex-Token=x1YwxETK2PfX8tJDLdri,https://epg.provider.plex.tv/library/parts/6430aa45fc3be5947780904e-68b9f334fc12601028c5651e.m3u8?X-Plex-Token=QjpkuyuRwtg1uWJBfjLE
World Surf League 24/7,FAIL,https://epg.provider.plex.tv/library/parts/6430aa45fc3be5947780904e-652875586425fdb1f32d2169/?X-Plex-Token=x1YwxETK2PfX8tJDLdri,https://epg.provider.plex.tv/library/parts/6430aa45fc3be5947780904e-652875586425fdb1f32d2169.m3u8?X-Plex-Token=QjpkuyuRwtg1uWJBfjLE
Y2K,FAIL,https://epg.provider.plex.tv/library/parts/6430aa45fc3be5947780904e-62ee72cc271f393d2d9f7098/?X-Plex-Token=x1YwxETK2PfX8tJDLdri,https://epg.provider.plex.tv/library/parts/6430aa45fc3be5947780904e-62ee72cc271f393d2d9f7098.m3u8?X-Plex-Token=QjpkuyuRwtg1uWJBfjLE
Yahoo Finance,FAIL,https://epg.provider.plex.tv/library/parts/6430aa45fc3be5947780904e-5f170f01b898490041b49dd1/?X-Plex-Token=x1YwxETK2PfX8tJDLdri,https://epg.provider.plex.tv/library/parts/6430aa45fc3be5947780904e-5f170f01b898490041b49dd1.m3u8?X-Plex-Token=QjpkuyuRwtg1uWJBfjLE
